Feedback,ActionabilityLevel
"The code looks neat and organized, keep it up.",0
Your approach to solving the problem is interesting.,0
The project has a nice flow and structure.,0
I appreciate the effort put into this assignment.,0
The user interface is visually appealing.,0
Your coding style is quite unique.,0
The application runs smoothly on my device.,0
The documentation is comprehensive and well-written.,0
Your choice of variable names is creative.,0
The algorithm you used is quite fascinating.,0
The software design is elegant and intuitive.,0
Your use of comments is thoughtful and helpful.,0
The test cases cover a wide range of scenarios.,0
The codebase is well-maintained and clean.,0
Your implementation is quite innovative.,0
The project presentation was engaging and informative.,0
The system architecture is well thought out.,0
The code readability is excellent throughout.,0
Your debugging skills are impressive.,0
The project timeline was managed effectively.,0
The solution is both efficient and elegant.,0
The code is modular and easy to understand.,0
The application has a user-friendly interface.,0
The project goals were clearly defined and met.,0
The code is well-documented and easy to follow.,0
The software is robust and handles errors gracefully.,0
The project demonstrates a strong understanding of the concepts.,0
The code is concise and to the point.,0
The application performs well under load.,0
The project is a great example of teamwork.,0
The code structure is logical and coherent.,0
The project is a testament to your hard work.,0
The application is intuitive and easy to navigate.,0
The code is well-organized and easy to read.,0
The project is a solid demonstration of your skills.,0
The application is responsive and quick.,0
The code is elegant and well-crafted.,0
The project is a great learning experience.,0
The application is stable and reliable.,0
The code is clean and well-structured.,0
The project is a good showcase of your abilities.,0
The application is well-designed and functional.,0
The code is efficient and performs well.,0
The project is a fine example of your dedication.,0
The application is user-friendly and accessible.,0
The code is neat and well-maintained.,0
The project is a testament to your creativity.,0
The application is well-optimized and fast.,0
The code is well-commented and easy to understand.,0
The project is a great achievement.,0
The application is well-structured and intuitive.,0
The code is well-written and efficient.,0
The project is a reflection of your hard work.,0
The application is well-crafted and polished.,0
The code is well-organized and logical.,0
The project is a great success.,0
The application is well-executed and functional.,0
The code is well-structured and clean.,0
The project is a testament to your skills.,0
The application is well-designed and efficient.,0
The code is well-crafted and elegant.,0
The project is a great demonstration of your abilities.,0
The application is well-implemented and reliable.,0
The code is well-written and concise.,0
The project is a testament to your expertise.,0
The application is well-optimized and responsive.,0
The code is well-commented and clear.,0
The project is a great example of your talent.,0
The application is well-structured and user-friendly.,0
The code is well-maintained and efficient.,0
"The code looks neat and organized, keep it up.",0
Your project presentation was engaging and informative.,0
I really like the color scheme of your UI design.,0
The algorithm seems efficient at first glance.,0
Your choice of variable names is quite interesting.,0
The documentation is thorough and well-written.,0
Your enthusiasm for the project is evident.,0
The codebase is quite extensive and impressive.,0
The application runs smoothly on my device.,0
Your approach to solving the problem is unique.,0
The test cases cover a wide range of scenarios.,0
The user interface is intuitive and user-friendly.,0
The project has a lot of potential for future development.,0
The code comments are detailed and helpful.,0
Your presentation skills are quite impressive.,0
The software design is elegant and well thought out.,0
The project documentation is comprehensive and clear.,0
The code structure is logical and easy to follow.,0
The application has a sleek and modern design.,0
The project demonstrates a solid understanding of the concepts.,0
The code is well-documented and easy to understand.,0
The project is well-organized and easy to navigate.,0
The algorithm is innovative and well-implemented.,0
The codebase is clean and well-maintained.,0
The application is responsive and performs well.,0
The project shows a good grasp of the subject matter.,0
The code is efficient and runs smoothly.,0
The user experience is pleasant and engaging.,0
The project is a great example of teamwork and collaboration.,0
The code is concise and to the point.,0
The application has a professional look and feel.,0
The project is well-executed and meets the requirements.,0
The code is modular and easy to extend.,0
The application is feature-rich and versatile.,0
The project is a testament to your hard work and dedication.,0
The code is robust and handles errors gracefully.,0
The application is intuitive and easy to use.,0
The project is a great learning experience.,0
The code is well-structured and organized.,0
The application is visually appealing and well-designed.,0
The project is a good demonstration of your skills.,0
The code is clear and easy to read.,0
The application is user-friendly and accessible.,0
The project is a great showcase of your abilities.,0
The code is elegant and well-written.,0
The application is well-optimized and performs efficiently.,0
The project is a solid piece of work.,0
The code is neat and well-organized.,0
The application is polished and professional.,0
The project is a great achievement.,0
The code is well-commented and easy to follow.,0
The application is well-designed and functional.,0
The project is a great example of your creativity.,0
The code is efficient and well-optimized.,0
The application is well-structured and organized.,0
The project is a great demonstration of your knowledge.,0
The code is clean and easy to maintain.,0
The application is well-executed and meets expectations.,0
The project is a great representation of your skills.,0
The code is concise and well-written.,0
The application is well-designed and user-friendly.,0
The project is a great example of your hard work.,0
The code is well-structured and easy to understand.,0
The application is well-implemented and functional.,0
The project is a great showcase of your talent.,0
The code is well-organized and easy to read.,0
The application is well-optimized and performs well.,0
The project is a great example of your dedication.,0
The code is well-written and easy to follow.,0
The application is well-designed and intuitive.,0
The project is a great demonstration of your expertise.,0
The codebase has a nice flow to it.,0
Your project has a unique style that stands out.,0
The overall design is quite appealing.,0
I appreciate the effort put into this work.,0
The user interface is quite intuitive.,0
The application runs smoothly on my device.,0
Your approach to solving the problem is interesting.,0
The documentation is thorough and well-organized.,0
The algorithm is implemented in a creative way.,0
The project has a professional look and feel.,0
The code is well-structured and easy to follow.,0
The naming conventions are consistent throughout.,0
The test cases cover a wide range of scenarios.,0
The software architecture is robust and scalable.,0
The project demonstrates a high level of technical skill.,0
The code is clean and well-documented.,0
The application is user-friendly and intuitive.,0
The project is well-organized and easy to navigate.,0
The codebase is well-maintained and up-to-date.,0
The project is innovative and forward-thinking.,0
The code is efficient and performs well.,0
The application has a sleek and modern design.,0
The project is comprehensive and well-executed.,0
The code is elegant and concise.,0
The application is responsive and performs well.,0
The project is well-documented and easy to understand.,0
The code is modular and easy to extend.,0
The application is stable and reliable.,0
The project is well-structured and easy to follow.,0
The code is well-organized and easy to read.,0
The application is intuitive and easy to use.,0
The project is well-executed and professional.,0
The code is clean and well-organized.,0
The application is well-designed and user-friendly.,0
The project is innovative and well-executed.,0
The code is efficient and well-optimized.,0
The application is stable and performs well.,0
The project is well-documented and easy to follow.,0
The code is modular and easy to maintain.,0
The application is responsive and user-friendly.,0
The project is well-structured and professional.,0
The code is elegant and well-written.,0
The application is intuitive and performs well.,0
The project is comprehensive and well-documented.,0
The code is clean and easy to read.,0
The application is well-designed and intuitive.,0
The project is innovative and well-structured.,0
The code is efficient and easy to follow.,0
The application is stable and user-friendly.,0
The project is well-executed and easy to understand.,0
The code is modular and well-organized.,0
The application is responsive and well-designed.,0
The project is well-structured and easy to navigate.,0
The code is elegant and easy to maintain.,0
The application is intuitive and well-optimized.,0
The project is comprehensive and easy to follow.,0
The code is clean and well-documented.,0
The application is well-designed and performs well.,0
The project is innovative and easy to understand.,0
The code is efficient and well-organized.,0
The application is stable and easy to use.,0
The project is well-executed and user-friendly.,0
The code is modular and easy to read.,0
The application is responsive and easy to navigate.,0
The project is well-structured and well-documented.,0
The code is elegant and easy to follow.,0
The application is intuitive and easy to maintain.,0
The project is comprehensive and well-organized.,0
The code is clean and easy to understand.,0
The application is well-designed and easy to use.,0
Consider revisiting the variable names for clarity and consistency.,1
The code could be more efficient with some optimization techniques.,1
Try to reduce the nesting depth in some functions for better readability.,1
Some functions are quite lengthy and might benefit from being split.,1
The logic in the main loop could be simplified for easier understanding.,1
Consider adding more inline comments to explain complex logic.,1
The error handling could be more robust in certain sections.,1
Some parts of the code might be improved with more modular design.,1
The use of global variables could be minimized for better encapsulation.,1
Consider using more descriptive names for some of the functions.,1
The algorithm's performance might improve with a different data structure.,1
Some test cases could be added to cover edge scenarios.,1
The documentation could be expanded to include more examples.,1
Consider refactoring the code to improve maintainability.,1
The user interface might be more intuitive with some layout adjustments.,1
Some of the loops could be optimized for better performance.,1
The code might benefit from adhering more closely to naming conventions.,1
Consider using constants instead of hard-coded values for better flexibility.,1
The logic in the conditional statements could be clearer.,1
Some of the methods could be more concise without losing functionality.,1
The code might be more readable with consistent indentation.,1
Consider using a more efficient algorithm for sorting operations.,1
The comments could be more detailed in sections with complex logic.,1
Some of the class structures could be simplified for better clarity.,1
The code might be improved by reducing the number of magic numbers.,1
Consider using libraries or frameworks to simplify repetitive tasks.,1
The function signatures could be more descriptive of their purpose.,1
Some of the error messages could be more informative.,1
The code might benefit from a more consistent use of design patterns.,1
Consider breaking down complex expressions into simpler statements.,1
The use of comments could be more strategic to enhance understanding.,1
Some of the loops might be more efficient with different iteration methods.,1
Consider revising the logic in recursive functions for better efficiency.,1
The code could be more modular with additional helper functions.,1
Some of the data processing could be streamlined for better performance.,1
Consider using more specific exception handling to catch different errors.,1
The code might be improved by reducing the number of nested loops.,1
Some of the class methods could be more focused on single responsibilities.,1
Consider using more meaningful names for loop counters.,1
The code might benefit from a more consistent use of whitespace.,1
Some of the logic could be simplified by using built-in functions.,1
Consider revising the algorithm to handle larger datasets more efficiently.,1
The code might be more maintainable with a clearer separation of concerns.,1
Some of the functions could be more efficient with fewer parameters.,1
Consider using more specific data types for better memory management.,1
The code might benefit from a more consistent use of comments.,1
Some of the logic could be clearer with additional helper functions.,1
Consider using more efficient data structures for certain operations.,1
The code might be improved by reducing the number of temporary variables.,1
Some of the methods could be more efficient with fewer side effects.,1
Consider using more specific variable names for better clarity.,1
The code might benefit from a more consistent use of function annotations.,1
Some of the logic could be simplified by using more concise syntax.,1
Consider revising the code to improve its scalability.,1
The code might be more readable with consistent naming conventions.,1
Some of the functions could be more efficient with better parameterization.,1
Consider using more descriptive names for constants.,1
The code might benefit from a more consistent use of error handling.,1
Some of the logic could be clearer with additional inline comments.,1
Consider using more efficient looping constructs for certain tasks.,1
The code might be improved by reducing the number of conditional branches.,1
Some of the methods could be more efficient with better resource management.,1
Consider using more specific function names for better understanding.,1
The code might benefit from a more consistent use of type hints.,1
Some of the logic could be simplified by using more expressive language features.,1
Consider revising the code to improve its maintainability.,1
The code might be more readable with consistent formatting.,1
Some of the functions could be more efficient with better algorithm choices.,1
Consider using more descriptive names for temporary variables.,1
The code might benefit from a more consistent use of modular design.,1
"Consider revisiting the variable names for clarity, as some are not immediately intuitive.",1
The code could be more efficient if you optimize the nested loops.,1
Try to enhance the readability of your code by reducing the line length.,1
Some functions might be doing too much; consider simplifying them.,1
The logic in certain sections is complex and could be streamlined.,1
You might want to add more inline comments for better understanding.,1
The error handling could be more robust in some parts of the code.,1
Consider using more descriptive names for your classes and methods.,1
The code structure could benefit from a more consistent style.,1
Some parts of the code are hard to follow and might need refactoring.,1
The algorithm's performance might improve with a different data structure.,1
Consider breaking down complex expressions into simpler statements.,1
The documentation is sparse and could be expanded for clarity.,1
Some of the logic could be abstracted into helper functions.,1
The test coverage is limited and could be expanded.,1
The code might be more maintainable with a modular approach.,1
Consider using constants for repeated values to improve readability.,1
The use of global variables could be minimized for better encapsulation.,1
Some of the loops could be replaced with more efficient constructs.,1
The code could be more concise by removing redundant statements.,1
Consider using built-in functions to simplify some operations.,1
The logic in the main function is dense and could be split into smaller functions.,1
The code might benefit from more consistent naming conventions.,1
Some of the error messages could be more informative.,1
The use of comments could be more strategic to explain complex logic.,1
Consider reviewing the algorithm for potential edge cases.,1
The code could be more efficient with fewer conditional checks.,1
Some of the methods are lengthy and could be broken down.,1
The initialization of variables could be more consistent.,1
The code might be clearer with more whitespace for separation.,1
Consider revisiting the logic flow for potential simplifications.,1
The use of magic numbers could be replaced with named constants.,1
Some of the loops could be optimized for better performance.,1
The code could benefit from a more consistent indentation style.,1
Consider using more specific exception handling for better error management.,1
The code might be more readable with consistent spacing around operators.,1
Some of the functions could be more focused on a single responsibility.,1
The logic in the conditional statements could be simplified.,1
Consider using list comprehensions for more concise code.,1
The code could be more efficient by reducing the number of temporary variables.,1
Some of the method names could be more descriptive of their actions.,1
The code might benefit from more consistent use of data types.,1
Consider revisiting the loop conditions for potential improvements.,1
The code could be more modular by separating concerns into different files.,1
Some of the logic could be more intuitive with better variable naming.,1
The code might be more efficient with fewer nested conditions.,1
Consider using more specific data types for better performance.,1
The code could benefit from more consistent use of comments.,1
Some of the functions could be more efficient with fewer parameters.,1
The code might be clearer with more consistent use of brackets.,1
Consider using more meaningful names for your variables.,1
The code could be more efficient by avoiding unnecessary computations.,1
Some of the logic could be more straightforward with better structuring.,1
The code might benefit from more consistent use of function annotations.,1
Consider revisiting the algorithm for potential optimizations.,1
The code could be more readable with consistent use of line breaks.,1
Some of the class names could be more indicative of their purpose.,1
The code might be more efficient with fewer recursive calls.,1
Consider using more specific variable types for clarity.,1
The code could benefit from more consistent use of error handling.,1
Some of the logic could be more efficient with better algorithm choices.,1
The code might be clearer with more consistent use of naming conventions.,1
Consider revisiting the function signatures for potential improvements.,1
The code could be more efficient by reducing the number of loops.,1
Some of the logic could be more intuitive with better flow control.,1
The code might benefit from more consistent use of return statements.,1
Consider using more specific class names for better understanding.,1
The code could be more efficient by minimizing the use of global state.,1
Some of the logic could be more straightforward with better abstraction.,1
The code might be clearer with more consistent use of method chaining.,1
Consider revisiting the variable names for clarity and consistency.,1
The logic in some functions could be simplified for better understanding.,1
Try to reduce the nesting depth in certain sections of the code.,1
Some comments are redundant and could be removed to enhance readability.,1
The code might benefit from more consistent indentation practices.,1
Consider using more descriptive names for some of the functions.,1
A few sections of the code could be refactored for improved efficiency.,1
The use of global variables could be minimized for better modularity.,1
Some error handling could be more robust to cover edge cases.,1
The documentation could be expanded to include more examples.,1
Consider adding more inline comments to explain complex logic.,1
The code might be easier to follow with more consistent naming conventions.,1
Some functions are quite lengthy and could be split into smaller ones.,1
The test cases could be more comprehensive to cover additional scenarios.,1
Consider using a more consistent style for your loop constructs.,1
The code could benefit from more frequent use of helper functions.,1
Some parts of the code could be optimized for better performance.,1
Consider reviewing the use of magic numbers in the code.,1
The code might be improved by reducing the number of hard-coded values.,1
Some of the logic could be made clearer with additional comments.,1
The use of certain libraries could be reconsidered for efficiency.,1
Consider breaking down complex expressions into simpler statements.,1
The code could be more maintainable with better modular design.,1
Some of the loops could be optimized for faster execution.,1
Consider using more consistent error messages throughout the code.,1
The code might benefit from a more uniform approach to exception handling.,1
Some of the data structures could be chosen more appropriately.,1
Consider reviewing the algorithm choices for potential improvements.,1
The code could be more readable with consistent spacing and alignment.,1
Some of the logic could be simplified by using built-in functions.,1
Consider adding more detailed comments for complex algorithms.,1
The code might be improved by reducing the number of nested loops.,1
Some of the function parameters could be more descriptive.,1
Consider using more consistent naming for your variables.,1
The code could benefit from more frequent use of constants.,1
Some of the methods could be refactored to improve clarity.,1
Consider reviewing the use of recursion for potential optimizations.,1
The code might be more efficient with better use of data structures.,1
Some of the logic could be clearer with additional helper functions.,1
Consider using more consistent formatting for your conditional statements.,1
The code could be improved by reducing the number of inline comments.,1
Some of the loops could be replaced with more efficient constructs.,1
Consider using more descriptive names for your classes.,1
The code might benefit from more consistent use of whitespace.,1
Some of the error messages could be more informative.,1
Consider reviewing the use of inheritance for potential simplifications.,1
The code could be more efficient with better use of caching.,1
Some of the logic could be clearer with more detailed documentation.,1
Consider using more consistent naming for your methods.,1
The code might be improved by reducing the number of temporary variables.,1
Some of the functions could be more concise with better use of language features.,1
Consider using more consistent formatting for your array declarations.,1
The code could benefit from more frequent use of comments for clarity.,1
Some of the logic could be simplified by using more efficient algorithms.,1
Consider reviewing the use of loops for potential optimizations.,1
The code might be more readable with more consistent use of line breaks.,1
Some of the methods could be more efficient with better use of recursion.,1
Consider using more descriptive names for your variables.,1
The code could be improved by reducing the number of nested conditionals.,1
Some of the logic could be clearer with more detailed inline comments.,1
Consider using more consistent formatting for your function definitions.,1
The code might benefit from more frequent use of helper methods.,1
Some of the loops could be optimized for better performance.,1
Consider reviewing the use of data types for potential improvements.,1
The code could be more efficient with better use of built-in functions.,1
Some of the logic could be simplified by using more descriptive variable names.,1
Consider using more consistent formatting for your class definitions.,1
The code might be improved by reducing the number of global variables.,1
Some of the methods could be more concise with better use of language constructs.,1
Consider revisiting the variable names for clarity and consistency.,1
The logic in some functions could be simplified for better understanding.,1
Try to reduce the nesting depth in certain parts of the code.,1
Some sections of the code might benefit from additional comments.,1
Review the use of global variables; they might be reduced.,1
The code could be more efficient with fewer redundant operations.,1
Consider using more descriptive names for some of the functions.,1
The error handling could be more robust in some areas.,1
Some loops might be optimized for better performance.,1
The use of magic numbers should be minimized for clarity.,1
Consider refactoring some of the longer methods for readability.,1
The code might benefit from more consistent indentation.,1
Some of the class names could be more intuitive.,1
The test coverage could be expanded to include edge cases.,1
Consider using constants instead of hard-coded values.,1
The documentation could be more detailed in certain sections.,1
Some of the algorithms could be optimized for speed.,1
The code might be improved by reducing the number of nested loops.,1
Consider breaking down complex expressions for clarity.,1
The use of comments could be more consistent throughout the code.,1
Some functions might be too long and could be split up.,1
The code could benefit from more modular design principles.,1
Consider using more meaningful names for some of the variables.,1
The logic in some areas could be streamlined for efficiency.,1
Some of the error messages could be more informative.,1
Consider using a more consistent naming convention.,1
The code might be improved by reducing the number of parameters.,1
Some of the loops could be replaced with more efficient constructs.,1
The use of whitespace could be more consistent for readability.,1
Consider adding more unit tests to cover additional scenarios.,1
Some of the logic could be encapsulated into helper functions.,1
The code might benefit from more consistent use of data structures.,1
Consider revisiting the algorithm choice for better performance.,1
The code could be improved by reducing the number of global variables.,1
Some of the methods could be more concise and focused.,1
Consider using more specific exception handling in some cases.,1
The code might benefit from more consistent use of comments.,1
Some of the logic could be refactored for better maintainability.,1
Consider using more descriptive comments for complex logic.,1
The code could be improved by reducing the number of inline comments.,1
Some of the functions could be more modular and reusable.,1
Consider using more efficient data structures in some areas.,1
The code might benefit from more consistent use of naming conventions.,1
Some of the logic could be simplified for better readability.,1
Consider using more meaningful names for some of the constants.,1
The code could be improved by reducing the number of nested conditions.,1
Some of the methods could be more focused and single-purpose.,1
Consider using more specific variable types for clarity.,1
The code might benefit from more consistent use of formatting.,1
Some of the logic could be broken down into smaller functions.,1
Consider using more efficient algorithms in some sections.,1
The code could be improved by reducing the number of temporary variables.,1
Some of the functions could be more concise and easier to understand.,1
Consider using more specific data types for better performance.,1
The code might benefit from more consistent use of indentation.,1
Some of the logic could be encapsulated into utility functions.,1
Consider using more efficient looping constructs in some areas.,1
The code could be improved by reducing the number of nested blocks.,1
Some of the methods could be more modular and easier to test.,1
Consider using more specific error messages for clarity.,1
The code might benefit from more consistent use of spacing.,1
Some of the logic could be refactored for better efficiency.,1
Consider using more meaningful names for some of the parameters.,1
The code could be improved by reducing the number of inline comments.,1
Some of the functions could be more focused and easier to maintain.,1
Consider using more efficient data structures for better performance.,1
The code might benefit from more consistent use of variable naming.,1
Some of the logic could be simplified for better maintainability.,1
Consider using more descriptive names for some of the classes.,1
Consider revisiting the variable names for clarity and consistency.,1
The code could be more efficient with some optimization techniques.,1
Try to reduce the nesting depth in some functions for better readability.,1
Some functions might be too long and could be split into smaller ones.,1
The logic in certain sections could be simplified for easier understanding.,1
Consider adding more inline comments to explain complex logic.,1
The error handling could be more robust in some parts of the code.,1
Some parts of the code could benefit from additional testing.,1
The use of global variables might be reduced for better encapsulation.,1
Consider using more descriptive names for some of the functions.,1
The code might be improved by adhering more closely to naming conventions.,1
Some loops could be optimized for better performance.,1
The documentation could be expanded to cover more edge cases.,1
Consider refactoring some of the repetitive code blocks.,1
The use of magic numbers could be replaced with named constants.,1
Some of the class structures could be simplified for clarity.,1
The code might benefit from more consistent indentation.,1
Consider using more efficient data structures in some areas.,1
The code could be more modular with additional helper functions.,1
Some of the algorithms could be optimized for speed.,1
The code might be improved by reducing the number of nested loops.,1
Consider using more meaningful names for some of the variables.,1
The code could benefit from more consistent use of whitespace.,1
Some of the logic could be refactored to improve maintainability.,1
Consider adding more test cases to cover edge scenarios.,1
The code might be improved by reducing the number of parameters in functions.,1
Some of the comments could be more detailed to aid understanding.,1
Consider using more efficient algorithms in certain sections.,1
The code could benefit from more consistent use of naming conventions.,1
Some of the error messages could be more descriptive.,1
Consider breaking down complex expressions into simpler ones.,1
The code might be improved by reducing the use of hard-coded values.,1
Some of the functions could be more concise with fewer lines.,1
Consider using more appropriate data types for certain variables.,1
The code could benefit from more consistent use of comments.,1
Some of the logic could be streamlined for better efficiency.,1
Consider using more specific exception handling in some areas.,1
The code might be improved by reducing the number of global variables.,1
Some of the loops could be simplified for better readability.,1
Consider using more modular design patterns in the code.,1
The code could benefit from more consistent use of function naming.,1
Some of the methods could be more focused on single responsibilities.,1
Consider using more efficient sorting algorithms in some parts.,1
The code might be improved by reducing the number of nested conditions.,1
Some of the variable names could be more intuitive.,1
Consider using more consistent formatting for code blocks.,1
The code could benefit from more consistent use of error handling.,1
Some of the logic could be refactored to improve clarity.,1
Consider using more efficient looping constructs in some areas.,1
The code might be improved by reducing the number of inline comments.,1
Some of the functions could be more modular with clear interfaces.,1
Consider using more appropriate libraries for certain tasks.,1
The code could benefit from more consistent use of indentation.,1
Some of the error handling could be more specific.,1
Consider using more efficient memory management techniques.,1
The code might be improved by reducing the number of temporary variables.,1
Some of the class names could be more descriptive.,1
Consider using more consistent naming for constants.,1
The code could benefit from more consistent use of spacing.,1
Some of the logic could be simplified for better maintainability.,1
Consider using more efficient search algorithms in some sections.,1
The code might be improved by reducing the number of redundant checks.,1
Some of the method names could be more self-explanatory.,1
Consider using more consistent formatting for comments.,1
The code could benefit from more consistent use of variable naming.,1
Some of the logic could be refactored to improve performance.,1
Consider using more efficient data access patterns.,1
The code might be improved by reducing the number of unused variables.,1
Some of the function signatures could be more intuitive.,1
Consider using more consistent formatting for method definitions.,1
Refactor the nested loops in the data processing function to improve readability and performance.,2
The variable names in the sorting algorithm should be more descriptive to enhance code clarity.,2
Add error handling for the database connection to prevent application crashes during downtime.,2
Optimize the image loading function by using lazy loading to reduce initial load time.,2
Implement unit tests for the authentication module to ensure all edge cases are covered.,2
Replace the deprecated API calls in the network module with the latest version for compatibility.,2
The login form lacks client-side validation; add checks to improve user experience.,2
Use a consistent naming convention for CSS classes to maintain uniformity across stylesheets.,2
The recursive function in the tree traversal algorithm should include a base case to prevent infinite loops.,2
Add comments to the complex regular expressions used in the input validation function for clarity.,2
The caching mechanism can be improved by using a more efficient data structure like a hash map.,2
"Refactor the monolithic class into smaller, more manageable classes to adhere to the single responsibility principle.",2
The API documentation is outdated; update it to reflect the current endpoints and parameters.,2
Implement pagination in the data retrieval function to handle large datasets more efficiently.,2
The user interface lacks accessibility features; add ARIA labels to improve usability for screen readers.,2
The encryption algorithm should be updated to use AES-256 for enhanced security.,2
The build script can be optimized by parallelizing tasks to reduce build time.,2
"The logging mechanism should include log levels to differentiate between info, warnings, and errors.",2
The configuration file should be externalized to allow for easier environment-specific adjustments.,2
The search function can be improved by implementing a fuzzy search algorithm for better results.,2
The CSS file contains redundant styles; remove duplicates to streamline the stylesheet.,2
The function lacks input validation; add checks to prevent invalid data from causing errors.,2
The database schema should be normalized to reduce redundancy and improve data integrity.,2
The mobile app's performance can be enhanced by reducing the number of HTTP requests.,2
The function's cyclomatic complexity is high; refactor to simplify and improve maintainability.,2
The codebase lacks a consistent error handling strategy; implement a unified approach.,2
The UI design should be responsive to ensure compatibility with various screen sizes.,2
The function should return early when possible to reduce unnecessary processing.,2
The SQL queries can be optimized by adding indexes to frequently queried columns.,2
The application should implement a retry mechanism for failed network requests.,2
The codebase would benefit from a linter to enforce coding standards and catch errors early.,2
The function should use a switch statement instead of multiple if-else blocks for clarity.,2
The UI lacks feedback for user actions; add loading indicators to improve user experience.,2
The function should be split into smaller functions to adhere to the single responsibility principle.,2
The application should use environment variables for sensitive information like API keys.,2
The code should include type annotations to improve readability and catch type errors.,2
The application should implement HTTPS to ensure secure data transmission.,2
The function should be documented with examples to aid future developers in understanding its use.,2
The application should implement a rate limiter to prevent abuse of the API.,2
The code should be refactored to remove magic numbers and replace them with named constants.,2
The application should implement a logging framework to manage log output effectively.,2
The function should be optimized to reduce time complexity from O(n^2) to O(n log n).,2
The application should implement a backup strategy for critical data to prevent loss.,2
The code should be refactored to use dependency injection for better testability.,2
The application should implement a session timeout to enhance security.,2
The function should be refactored to eliminate side effects for better predictability.,2
The application should implement a feature toggle system to manage feature rollouts.,2
The code should be refactored to use async/await for better handling of asynchronous operations.,2
The application should implement a content delivery network to improve load times.,2
The function should be refactored to use a more efficient algorithm for sorting.,2
The application should implement a monitoring system to track performance metrics.,2
The code should be refactored to remove duplicate logic and improve maintainability.,2
The application should implement a caching strategy to reduce database load.,2
The function should be refactored to use a more efficient data structure for storage.,2
The application should implement a security audit to identify potential vulnerabilities.,2
The code should be refactored to use a more efficient algorithm for searching.,2
The application should implement a load balancer to distribute traffic evenly.,2
The function should be refactored to use a more efficient algorithm for parsing.,2
The application should implement a failover system to ensure high availability.,2
The code should be refactored to use a more efficient algorithm for encryption.,2
The application should implement a disaster recovery plan to ensure business continuity.,2
The function should be refactored to use a more efficient algorithm for compression.,2
The application should implement a version control system to manage code changes.,2
The code should be refactored to use a more efficient algorithm for decryption.,2
The application should implement a continuous integration pipeline to automate testing.,2
The function should be refactored to use a more efficient algorithm for serialization.,2
The application should implement a continuous deployment pipeline to automate releases.,2
The code should be refactored to use a more efficient algorithm for deserialization.,2
The application should implement a feature flag system to manage experimental features.,2
The function should be refactored to use a more efficient algorithm for data transformation.,2
The application should implement a logging system to capture and analyze errors.,2
The code should be refactored to use a more efficient algorithm for data aggregation.,2
Refactor the nested loops in the data processing function to improve performance and readability.,2
The variable names in the sorting algorithm are unclear; consider using descriptive names like 'currentIndex' and 'minValue'.,2
Add error handling for the file I/O operations to prevent the program from crashing on missing files.,2
The login function lacks input validation; implement checks to prevent SQL injection attacks.,2
Optimize the database queries by adding indexes to frequently searched columns to enhance speed.,2
The user interface layout is cluttered; rearrange elements to improve user experience and accessibility.,2
Implement unit tests for the authentication module to ensure all edge cases are covered.,2
The API documentation is incomplete; include examples of request and response formats for clarity.,2
Replace the deprecated library functions with their modern equivalents to maintain compatibility.,2
The recursive function in the tree traversal algorithm is inefficient; consider using an iterative approach.,2
Add comments to the complex regular expressions to explain their purpose and improve maintainability.,2
The CSS styles are inconsistent across pages; standardize the color scheme and typography for uniformity.,2
The main class constructor is overloaded with parameters; use a builder pattern for better manageability.,2
The encryption method lacks a salt; add one to enhance security against dictionary attacks.,2
The logging mechanism is too verbose; adjust the log levels to filter out unnecessary information.,2
The function lacks a return statement in some branches; ensure all paths return a value.,2
The database schema is not normalized; apply normalization techniques to reduce redundancy.,2
The loop condition in the search algorithm is incorrect; revise it to prevent infinite loops.,2
The mobile app's touch targets are too small; increase their size for better usability.,2
The project's directory structure is disorganized; reorganize files into logical folders for clarity.,2
The function's time complexity is high; optimize the algorithm to improve performance.,2
The error messages are too generic; provide specific details to help users troubleshoot issues.,2
The configuration file lacks comments; add explanations for each setting to aid future developers.,2
The UI lacks responsive design; implement media queries to ensure compatibility across devices.,2
The codebase lacks a consistent naming convention; adopt a standard style guide for uniformity.,2
The function's parameters are not documented; add descriptions to clarify their purpose.,2
The test suite is incomplete; add tests for edge cases to ensure comprehensive coverage.,2
The API lacks rate limiting; implement it to prevent abuse and ensure stability.,2
The loop in the data processing script is inefficient; vectorize operations to enhance speed.,2
The application's startup time is slow; profile and optimize the initialization process.,2
The CSS selectors are overly specific; simplify them to improve maintainability and performance.,2
"The function's logic is convoluted; refactor it into smaller, more manageable functions.",2
The database connection is not closed properly; ensure connections are closed to prevent leaks.,2
The UI lacks keyboard navigation support; add it to improve accessibility for all users.,2
The code lacks version control tags; implement tagging for better release management.,2
The application's error handling is inconsistent; standardize it across all modules.,2
The function's return type is ambiguous; specify it explicitly for better type safety.,2
The codebase lacks a README file; add one to provide an overview and setup instructions.,2
The algorithm's space complexity is high; optimize memory usage to improve efficiency.,2
The UI lacks contrast; adjust colors to meet accessibility standards for better readability.,2
The code lacks modularity; break it into smaller modules to enhance reusability and testing.,2
The function's side effects are not documented; add notes to clarify its impact on global state.,2
The application's logging lacks context; include request IDs to trace issues effectively.,2
The code lacks exception handling; add try-catch blocks to manage potential runtime errors.,2
The UI lacks localization support; implement it to cater to a global audience.,2
The code lacks a consistent indentation style; standardize it for better readability.,2
The function's preconditions are not checked; add assertions to validate inputs.,2
The application's build process is manual; automate it using a CI/CD pipeline for efficiency.,2
The code lacks dependency injection; implement it to improve testability and flexibility.,2
The UI lacks feedback on actions; add loading indicators to improve user experience.,2
The code lacks a consistent error handling strategy; define a standard approach for all modules.,2
The function's output is not validated; add checks to ensure correctness before returning.,2
The application's security settings are weak; enforce stricter password policies.,2
The code lacks a consistent commenting style; adopt a standard format for clarity.,2
"The function's complexity is high; simplify it by breaking it into smaller, focused functions.",2
The application's session management is insecure; implement secure cookies to protect user data.,2
The code lacks a consistent branching strategy; adopt a standard workflow for version control.,2
The function's parameters are mutable; use immutable types to prevent unintended side effects.,2
The application's caching strategy is inefficient; optimize it to reduce server load.,2
The code lacks a consistent naming convention for constants; standardize it for clarity.,2
The function's error messages are unclear; provide detailed descriptions to aid debugging.,2
The application's API lacks authentication; implement OAuth to secure endpoints.,2
The code lacks a consistent file naming convention; adopt a standard for better organization.,2
The function's logic is duplicated in multiple places; refactor to eliminate redundancy.,2
The application's data validation is weak; strengthen it to prevent invalid inputs.,2
The code lacks a consistent testing strategy; define a standard approach for all modules.,2
The function's return values are not documented; add descriptions to clarify their meaning.,2
The application's deployment process is manual; automate it to reduce errors and save time.,2
The code lacks a consistent error logging format; standardize it for better analysis.,2
Refactor the nested loops in the data processing function to improve readability and reduce complexity.,2
The variable names in the sorting algorithm should be more descriptive to enhance code clarity.,2
Add error handling for the database connection to prevent application crashes during downtime.,2
Implement unit tests for the authentication module to ensure all edge cases are covered.,2
Optimize the image loading function by using lazy loading to improve page load times.,2
Replace the deprecated API calls in the network module with the latest version for better performance.,2
The user interface layout should be responsive to different screen sizes for a better user experience.,2
Add comments to the complex algorithm in the encryption module to explain each step clearly.,2
Use a consistent naming convention for CSS classes to maintain uniformity across the stylesheet.,2
The login form should include client-side validation to provide immediate feedback to users.,2
Implement caching for frequently accessed data to reduce server load and improve response times.,2
The recursive function in the tree traversal code could be optimized to prevent stack overflow.,2
Ensure all SQL queries are parameterized to protect against SQL injection attacks.,2
The configuration file should be externalized to allow easy changes without code modification.,2
Add pagination to the results page to improve performance and user navigation.,2
The logging mechanism should include different levels of severity for better issue tracking.,2
"Refactor the monolithic class into smaller, more manageable classes to adhere to the single responsibility principle.",2
The API documentation should include examples of requests and responses for better developer understanding.,2
Implement a retry mechanism for failed network requests to enhance application reliability.,2
The search functionality should support fuzzy matching to improve user experience.,2
Use environment variables for sensitive information to enhance security and flexibility.,2
The CSS should be minified to reduce file size and improve page load speed.,2
Add accessibility features such as ARIA labels to improve usability for screen readers.,2
The build process should include linting to catch syntax errors and enforce coding standards.,2
Implement a dark mode toggle to cater to user preferences and improve usability.,2
The data model should be normalized to reduce redundancy and improve database efficiency.,2
Use a version control system to track changes and collaborate more effectively with the team.,2
The function should return early to avoid unnecessary computations and improve efficiency.,2
Implement input sanitization to prevent cross-site scripting vulnerabilities.,2
The deployment script should include rollback capabilities to handle failed deployments.,2
Add tooltips to icons for better user guidance and interface clarity.,2
The codebase should be documented using a standardized format like Javadoc for consistency.,2
Implement a continuous integration pipeline to automate testing and deployment processes.,2
The function signatures should include type annotations for better code readability and maintenance.,2
Use a task runner like Gulp or Grunt to automate repetitive tasks in the development workflow.,2
The application should support localization to cater to a global audience.,2
Implement a feature flag system to toggle new features without deploying new code.,2
The error messages should be user-friendly and provide actionable steps for resolution.,2
Use a consistent code style guide to ensure uniformity across the entire codebase.,2
The database schema should include indexes on frequently queried columns to improve performance.,2
Implement a logging framework to capture and analyze application logs effectively.,2
The CSS should use variables for colors and fonts to maintain consistency and ease of updates.,2
Add a loading spinner to indicate progress during long-running operations.,2
The API should include rate limiting to prevent abuse and ensure fair usage.,2
Implement a backup strategy for critical data to prevent loss in case of failures.,2
The code should be refactored to remove magic numbers and replace them with named constants.,2
Use a dependency management tool to handle library versions and updates efficiently.,2
The application should include a comprehensive suite of integration tests to ensure system stability.,2
Implement lazy loading for images and videos to improve initial page load performance.,2
The user registration process should include email verification to prevent fake accounts.,2
Use a CSS preprocessor like SASS or LESS to enhance stylesheet maintainability.,2
The application should support HTTPS to ensure secure data transmission.,2
Implement a queue system for processing background tasks to improve application responsiveness.,2
The code should be modularized to separate concerns and improve maintainability.,2
Add a search bar with autocomplete functionality to enhance user navigation.,2
The application should log user actions for auditing and troubleshooting purposes.,2
Use a framework like Bootstrap to ensure a responsive and consistent design.,2
Implement a session timeout feature to enhance security for inactive users.,2
The code should be reviewed regularly to identify and fix potential security vulnerabilities.,2
Add a feature to export data in multiple formats like CSV and PDF for user convenience.,2
The application should include a help section with FAQs and tutorials for user assistance.,2
Use a state management library to handle complex application states efficiently.,2
The code should be optimized to reduce memory usage and improve performance.,2
Implement a notification system to alert users of important updates or actions required.,2
The application should support offline mode to enhance usability in low connectivity areas.,2
Use a testing framework to automate unit and integration tests for better code quality.,2
The application should include a feedback mechanism for users to report issues or suggestions.,2
Implement a role-based access control system to manage user permissions effectively.,2
The code should be refactored to adhere to the DRY principle and eliminate redundancy.,2
Consider refactoring the nested loops in the processData function to improve performance and readability.,2
The variable names in the calculateSum method are not descriptive; use more meaningful names like totalSum or aggregate.,2
Add error handling for the file reading operation to prevent the application from crashing if the file is missing.,2
The login function lacks input validation; ensure user inputs are sanitized to prevent SQL injection attacks.,2
Optimize the search algorithm by implementing a binary search instead of a linear search for better efficiency.,2
The user interface layout is cluttered; consider using a grid system to organize elements more effectively.,2
Add unit tests for the calculateInterest method to ensure it handles edge cases like zero or negative values.,2
The API documentation is incomplete; include examples of request and response formats for each endpoint.,2
The CSS file contains redundant styles; remove duplicates and use classes to apply styles consistently.,2
Implement lazy loading for images to improve page load times and enhance user experience.,2
The database schema lacks indexes on frequently queried columns; add indexes to improve query performance.,2
The function calculateDiscount is too complex; break it into smaller functions for better maintainability.,2
The error messages are not user-friendly; provide clear and actionable messages to guide users in resolving issues.,2
The configuration file is hardcoded; use environment variables to manage different settings for various environments.,2
The login page lacks accessibility features; add ARIA labels and ensure keyboard navigation is supported.,2
The build script is not optimized; use parallel execution to speed up the build process.,2
The function names in the utility module are inconsistent; standardize naming conventions for clarity.,2
The README file is outdated; update it to reflect recent changes in the project setup and usage instructions.,2
The application lacks logging; implement a logging framework to track errors and user activities.,2
The CSS selectors are too specific; simplify them to improve maintainability and reduce specificity conflicts.,2
The data model is not normalized; apply normalization techniques to eliminate redundancy and improve integrity.,2
The function fetchData lacks a timeout; set a timeout to prevent hanging requests and improve reliability.,2
The codebase lacks a consistent coding style; adopt a style guide and use linters to enforce it.,2
The search feature is slow; implement caching to store frequent queries and reduce database load.,2
The password reset functionality is insecure; use token-based authentication to enhance security.,2
The mobile version of the site is not responsive; use media queries to ensure it adapts to different screen sizes.,2
The function validateInput is missing type checks; add type validation to prevent runtime errors.,2
The code lacks comments explaining complex logic; add comments to improve code readability and maintenance.,2
The deployment process is manual; automate it using CI/CD tools to streamline and reduce errors.,2
The function calculateTax is not optimized; use memoization to cache results and improve performance.,2
"The application lacks a testing strategy; implement unit, integration, and end-to-end tests for comprehensive coverage.",2
The database connection is not pooled; use connection pooling to manage resources efficiently.,2
The function parseData is not thread-safe; use synchronization mechanisms to prevent race conditions.,2
The API lacks rate limiting; implement rate limiting to prevent abuse and ensure fair usage.,2
The CSS file is too large; use a CSS preprocessor to modularize and optimize styles.,2
The application does not support localization; implement i18n to cater to a global audience.,2
The function generateReport is not scalable; refactor it to handle large datasets efficiently.,2
The codebase lacks a version control strategy; adopt Git branching models to manage changes effectively.,2
The function processOrder lacks concurrency control; implement locks to ensure data consistency.,2
The application lacks a backup strategy; implement regular backups to prevent data loss.,2
The function sendEmail is synchronous; make it asynchronous to improve application responsiveness.,2
"The code lacks modularity; refactor it into smaller, reusable modules to enhance maintainability.",2
The application lacks a security audit; conduct regular audits to identify and fix vulnerabilities.,2
The function calculateRoute is inefficient; use a graph algorithm to find the shortest path.,2
The codebase lacks documentation; generate API docs using tools like Swagger for better developer onboarding.,2
The application lacks a monitoring solution; implement monitoring tools to track performance and uptime.,2
The function processPayment lacks transaction management; use transactions to ensure atomic operations.,2
The application lacks a caching strategy; implement caching to reduce load times and improve performance.,2
The function analyzeData is not optimized; use parallel processing to handle large datasets efficiently.,2
The code lacks error handling; implement try-catch blocks to manage exceptions gracefully.,2
The application lacks a load testing strategy; conduct load tests to ensure it can handle peak traffic.,2
The function renderPage is not optimized for SEO; use server-side rendering to improve search engine visibility.,2
The codebase lacks a dependency management strategy; use package managers to handle dependencies effectively.,2
The application lacks a disaster recovery plan; develop a plan to ensure business continuity.,2
The function encryptData uses a weak algorithm; switch to a stronger encryption standard for better security.,2
The code lacks a consistent error logging strategy; implement structured logging for better analysis.,2
The application lacks a user feedback mechanism; implement surveys or feedback forms to gather user insights.,2
The function updateProfile lacks validation; ensure all fields are validated to prevent invalid data entry.,2
The application lacks a rollback strategy; implement rollback procedures to handle deployment failures.,2
The function generateInvoice is not optimized; use batch processing to handle multiple invoices efficiently.,2
The code lacks a consistent naming convention; establish and enforce naming standards across the codebase.,2
The application lacks a data retention policy; define and implement policies to manage data lifecycle.,2
The function authenticateUser lacks multi-factor authentication; implement MFA for enhanced security.,2
The code lacks a consistent branching strategy; adopt a branching model like Git Flow for better collaboration.,2
The application lacks a performance benchmarking strategy; conduct benchmarks to identify bottlenecks.,2
"The function exportData lacks format options; provide multiple export formats like CSV, JSON, and XML.",2
The code lacks a consistent review process; establish code review guidelines to ensure quality.,2
The application lacks a user onboarding process; implement tutorials or guides to help new users.,2
The function calculateDistance is not optimized; use geospatial libraries for accurate and efficient calculations.,2
The code lacks a consistent testing framework; standardize on a framework like Jest or Mocha for unit tests.,2
Refactor the nested loops in the data processing function to improve readability and performance.,2
The variable names in the sorting algorithm are unclear; consider using descriptive names like 'sortedList' and 'currentIndex'.,2
Add error handling for the file input function to manage cases where the file might not exist.,2
The login function lacks validation for user input; implement checks to prevent SQL injection.,2
Optimize the search algorithm by implementing a binary search instead of a linear search for better efficiency.,2
The user interface layout is cluttered; rearrange elements to enhance user experience and accessibility.,2
Implement unit tests for the payment processing module to ensure all edge cases are covered.,2
The API documentation is incomplete; add examples for each endpoint to assist developers.,2
Replace the deprecated library in the image processing module with a supported alternative.,2
The database schema lacks normalization; apply third normal form to reduce redundancy.,2
Add comments to the complex algorithm in the encryption module to clarify its logic.,2
The function 'calculateTotal' is too long; split it into smaller functions for better maintainability.,2
The CSS file contains redundant styles; consolidate them to reduce file size and improve load times.,2
The mobile app crashes on startup; investigate the initialization sequence for potential issues.,2
The configuration file is hardcoded; use environment variables to allow flexibility across environments.,2
The logging mechanism is inconsistent; standardize log levels and formats across the application.,2
The function 'fetchData' lacks a timeout; implement one to prevent indefinite waiting periods.,2
The class hierarchy is too deep; refactor to simplify inheritance and improve code clarity.,2
The build script is outdated; update it to support the latest version of the compiler.,2
The search feature is slow; consider indexing the database to speed up query execution.,2
The error messages are generic; provide specific feedback to help users troubleshoot issues.,2
The function 'processOrder' lacks concurrency control; implement locks to prevent race conditions.,2
The UI lacks responsive design; use media queries to ensure compatibility with various screen sizes.,2
The codebase lacks a consistent coding style; adopt a style guide and enforce it with a linter.,2
The function 'calculateInterest' uses magic numbers; replace them with named constants for clarity.,2
The application lacks a caching mechanism; implement one to improve data retrieval speed.,2
The function 'sendEmail' lacks input validation; ensure email addresses are properly formatted.,2
The test suite is incomplete; add tests for edge cases and boundary conditions.,2
The function 'generateReport' is not thread-safe; use synchronization to prevent data corruption.,2
"The code lacks modularity; break down large classes into smaller, reusable components.",2
The function 'parseJson' lacks error handling; add checks for malformed JSON data.,2
The application lacks internationalization support; implement localization for global users.,2
The function 'updateProfile' lacks rollback on failure; implement transactions to ensure data integrity.,2
The codebase lacks documentation; generate API docs to assist future developers.,2
The function 'calculateDiscount' is inefficient; optimize the algorithm to reduce computation time.,2
The UI lacks keyboard navigation; implement tab order and shortcuts for accessibility.,2
The function 'connectDatabase' lacks retry logic; add it to handle transient connection failures.,2
The application lacks logging for critical operations; implement logging to track system behavior.,2
The function 'mergeData' lacks type checks; ensure data types are validated before processing.,2
The codebase lacks version control; implement a system like Git to manage changes.,2
The function 'renderPage' lacks caching; implement it to reduce server load and improve performance.,2
The application lacks a security audit; conduct one to identify and fix vulnerabilities.,2
The function 'calculateTax' lacks precision; use a library for accurate financial calculations.,2
The code lacks a build automation tool; implement one to streamline the deployment process.,2
The function 'fetchUserData' lacks pagination; implement it to handle large data sets efficiently.,2
The application lacks a backup strategy; implement regular backups to prevent data loss.,2
The function 'processPayment' lacks encryption; ensure sensitive data is securely transmitted.,2
The codebase lacks a testing framework; integrate one to automate test execution.,2
The function 'generateInvoice' lacks formatting; ensure output is consistent and readable.,2
The application lacks a monitoring system; implement one to track performance metrics.,2
The function 'validateInput' lacks comprehensive checks; ensure all input types are covered.,2
The code lacks dependency management; use a tool like Maven to handle library versions.,2
The function 'sendNotification' lacks rate limiting; implement it to prevent spamming users.,2
The application lacks a deployment pipeline; set up continuous integration and delivery.,2
The function 'calculateShipping' lacks accuracy; use a third-party API for real-time rates.,2
The code lacks a consistent error handling strategy; standardize exception handling across modules.,2
The function 'fetchWeatherData' lacks API key management; secure keys in environment variables.,2
The application lacks a user feedback mechanism; implement surveys or feedback forms.,2
The function 'generateToken' lacks randomness; use a cryptographic library for secure tokens.,2
The code lacks a performance profiling tool; integrate one to identify bottlenecks.,2
The function 'processImage' lacks optimization; use a library to enhance processing speed.,2
The application lacks a rollback mechanism; implement it to revert changes on failure.,2
The function 'calculateScore' lacks consistency; ensure results are reproducible across runs.,2
The code lacks a security policy; establish guidelines to protect against common threats.,2
The function 'fetchDataFromAPI' lacks timeout handling; implement it to avoid long waits.,2
The application lacks a user onboarding process; create tutorials or guides for new users.,2
The function 'updateInventory' lacks concurrency handling; use locks to prevent data races.,2
The code lacks a style guide; adopt one to ensure consistency in code formatting.,2
The function 'calculatePath' lacks precision; use a library for accurate geometric calculations.,2
Refactor the nested loops in the data processing function to improve readability and reduce complexity.,2
The variable names in the sorting algorithm should be more descriptive to enhance code clarity.,2
Consider using a switch statement instead of multiple if-else blocks for better performance in the decision-making logic.,2
Add error handling for the file I/O operations to prevent crashes when files are missing or unreadable.,2
Optimize the database queries by adding appropriate indexes to speed up data retrieval.,2
The user authentication module lacks input validation; implement checks to prevent SQL injection attacks.,2
Replace the hard-coded configuration values with environment variables for better flexibility and security.,2
Implement unit tests for the utility functions to ensure they handle edge cases correctly.,2
The API endpoints should include rate limiting to prevent abuse and ensure service availability.,2
Use a consistent naming convention for CSS classes to maintain uniformity across the stylesheets.,2
The recursive function in the tree traversal algorithm could be optimized to prevent stack overflow.,2
Add comments to the complex regular expressions to explain their purpose and improve maintainability.,2
The logging mechanism should include different levels of severity to aid in debugging and monitoring.,2
Implement lazy loading for images to improve the initial page load time and user experience.,2
The encryption module should use a more secure algorithm to protect sensitive data.,2
"Refactor the monolithic class into smaller, more focused classes to adhere to the single responsibility principle.",2
The function lacks proper documentation; add detailed comments explaining the parameters and return values.,2
"Use dependency injection to manage the service instances, improving testability and flexibility.",2
The UI components should be responsive to different screen sizes to enhance accessibility.,2
Implement caching for frequently accessed data to reduce server load and improve response times.,2
The CSS file contains duplicate styles; consolidate them to reduce redundancy and file size.,2
The database schema should be normalized to eliminate data redundancy and improve integrity.,2
Add pagination to the data table to improve performance and user navigation.,2
The function's cyclomatic complexity is high; break it into smaller functions to improve readability.,2
Implement HTTPS to secure data transmission between the client and server.,2
The application should include a logging framework to capture and manage log messages effectively.,2
The CSS selectors are too specific; simplify them to improve maintainability and reduce specificity conflicts.,2
The codebase lacks a consistent error handling strategy; standardize it across all modules.,2
The function should return early when possible to reduce nesting and improve readability.,2
The application should implement a retry mechanism for failed network requests to improve reliability.,2
The UI lacks keyboard navigation support; add it to improve accessibility for all users.,2
The code should use constants instead of magic numbers to improve readability and maintainability.,2
The application should include a mechanism to handle session timeouts gracefully.,2
The CSS animations should be optimized to prevent jank and ensure smooth transitions.,2
The function should use a more efficient algorithm to reduce time complexity from O(n^2) to O(n log n).,2
The application should implement a feature toggle system to manage experimental features easily.,2
The code should be refactored to remove global variables and use local scope where possible.,2
The application should include a mechanism to log user actions for auditing and troubleshooting.,2
The CSS grid layout should be used instead of floats for a more modern and flexible design.,2
The application should implement a backup strategy for critical data to prevent data loss.,2
The function should be refactored to use a more efficient data structure for faster lookups.,2
The application should include a mechanism to handle cross-origin resource sharing (CORS) issues.,2
The code should be refactored to use async/await for better readability and error handling.,2
The application should implement a mechanism to detect and prevent brute force login attempts.,2
The CSS should use variables for colors and fonts to ensure consistency and easy updates.,2
The application should include a mechanism to handle and log unhandled exceptions.,2
The code should be refactored to use template literals for string concatenation to improve readability.,2
The application should implement a mechanism to monitor and alert on system performance metrics.,2
The CSS should use a mobile-first approach to ensure a responsive design across devices.,2
The application should include a mechanism to handle and log failed API requests.,2
The code should be refactored to use arrow functions for cleaner and more concise syntax.,2
The application should implement a mechanism to handle and log user authentication failures.,2
The CSS should use a preprocessor like SASS for better organization and maintainability.,2
The application should include a mechanism to handle and log database connection errors.,2
The code should be refactored to use destructuring for cleaner and more concise syntax.,2
The application should implement a mechanism to handle and log application startup errors.,2
The CSS should use a naming convention like BEM for better organization and maintainability.,2
The application should include a mechanism to handle and log user input validation errors.,2
The code should be refactored to use promises for better readability and error handling.,2
The application should implement a mechanism to handle and log server-side rendering errors.,2
The CSS should use a grid system for better layout organization and responsiveness.,2
The application should include a mechanism to handle and log client-side rendering errors.,2
The code should be refactored to use modules for better organization and maintainability.,2
The application should implement a mechanism to handle and log network latency issues.,2
The CSS should use a framework like Bootstrap for faster development and consistency.,2
The application should include a mechanism to handle and log memory usage issues.,2
The code should be refactored to use classes for better organization and maintainability.,2
The application should implement a mechanism to handle and log disk space usage issues.,2
The CSS should use a utility-first framework like Tailwind for rapid prototyping.,2
Refactor the nested loops in the data processing function to improve performance and readability.,2
The variable names in the sorting algorithm are unclear; consider using descriptive names like 'sortedList' and 'currentIndex'.,2
Add error handling for the file input function to manage cases where the file might not exist.,2
The login function lacks validation for user input; implement checks to prevent SQL injection attacks.,2
Optimize the image rendering loop by caching frequently accessed data to reduce computation time.,2
The API response handling lacks a timeout mechanism; add one to prevent the application from hanging.,2
Implement unit tests for the payment processing module to ensure all edge cases are covered.,2
The database queries in the report generation script are inefficient; use indexed columns to speed them up.,2
Add comments to the encryption function to explain the purpose of each step for future developers.,2
The user interface layout is inconsistent across pages; standardize the design for a better user experience.,2
"The recursive function for calculating factorials lacks a base case, which could lead to stack overflow.",2
The CSS file contains redundant styles; consolidate them to reduce file size and improve load times.,2
The search feature does not handle special characters correctly; update the regex pattern to fix this.,2
The logging mechanism in the server application is too verbose; adjust the log levels to reduce noise.,2
The mobile app's navigation bar is not responsive; use media queries to ensure it adapts to different screen sizes.,2
The function for parsing JSON data lacks validation checks; add these to handle malformed input gracefully.,2
The configuration file is hardcoded; switch to environment variables for better flexibility and security.,2
The authentication module should use hashed passwords instead of plain text for enhanced security.,2
The data visualization chart lacks labels; add axis titles and legends for better interpretability.,2
The email notification system does not handle failed deliveries; implement a retry mechanism.,2
The function for calculating discounts is overly complex; simplify it by breaking it into smaller helper functions.,2
The codebase lacks a consistent naming convention; adopt a standard like camelCase or snake_case.,2
The main loop in the simulation program is blocking; consider using asynchronous calls to improve performance.,2
The HTML template uses inline styles; move these to a separate CSS file for better maintainability.,2
The backup script does not verify the integrity of the copied files; add checksum validation.,2
The function for generating reports is missing pagination; implement it to handle large datasets efficiently.,2
The API lacks versioning; introduce version numbers to manage changes without breaking existing clients.,2
The sorting algorithm is not optimized for large datasets; consider using a more efficient algorithm like quicksort.,2
The web application does not sanitize user inputs; add input validation to prevent XSS attacks.,2
The caching mechanism is not invalidating outdated entries; implement a strategy to refresh stale data.,2
The function for sending emails lacks a retry mechanism for failed attempts; add this to improve reliability.,2
The database schema lacks foreign key constraints; add them to ensure data integrity across tables.,2
The image upload feature does not check file types; implement validation to accept only supported formats.,2
The script for data migration lacks logging; add logs to track progress and identify issues.,2
The user registration form does not validate email addresses; add regex checks to ensure correct format.,2
The function for calculating averages does not handle empty datasets; add checks to prevent division by zero.,2
The CSS grid layout is not compatible with older browsers; add fallbacks for better cross-browser support.,2
The search algorithm is case-sensitive; modify it to handle case-insensitive searches for better usability.,2
The function for generating random numbers is not truly random; use a cryptographic library for better randomness.,2
The API documentation is incomplete; add examples and detailed descriptions for each endpoint.,2
The function for processing payments lacks concurrency control; implement locks to prevent race conditions.,2
The web application does not use HTTPS; enable SSL to secure data transmission.,2
The function for exporting data to CSV does not escape commas; fix this to ensure correct formatting.,2
The mobile app's loading times are slow; optimize image assets and reduce API call frequency.,2
The function for handling dates does not account for time zones; add support for accurate time calculations.,2
The codebase lacks a linter configuration; add one to enforce coding standards and catch errors early.,2
The function for parsing XML data does not handle namespaces; update it to support this feature.,2
The application does not log user actions; implement an audit trail for better tracking and security.,2
The function for calculating distances does not account for edge cases like negative values; add checks.,2
The web form does not provide feedback on submission errors; add inline error messages for better UX.,2
The function for generating UUIDs is not compliant with RFC 4122; update it to follow the standard.,2
The application does not support localization; add language files to cater to a global audience.,2
The function for handling file uploads does not check for file size limits; add this validation.,2
The database connection pool is not configured; set it up to manage connections efficiently.,2
The function for calculating interest rates does not round results; implement rounding for consistency.,2
The web application does not have a favicon; add one for better branding and user recognition.,2
The function for generating reports does not support multiple formats; add options for PDF and Excel.,2
The API lacks rate limiting; implement it to prevent abuse and ensure fair usage.,2
The function for handling JSON data does not check for null values; add validation to prevent errors.,2
The mobile app's push notifications are not configurable; add settings for user preferences.,2
The function for calculating tax does not account for exemptions; update it to handle these cases.,2
The web application does not have a sitemap; add one to improve SEO and navigation.,2
The function for processing images does not handle different color spaces; add support for this.,2
The application does not have a backup strategy; implement regular backups to prevent data loss.,2
The function for handling user sessions does not expire them; add a timeout for security.,2
The web application does not have a privacy policy; add one to comply with legal requirements.,2
The function for generating thumbnails does not maintain aspect ratio; fix this for consistent output.,2
The API does not support CORS; enable it to allow cross-origin requests from trusted domains.,2
The function for calculating shipping costs does not consider weight; update it to include this factor.,2
Refactor the nested loops in the data processing function to improve readability and performance.,2
The variable names in the sorting algorithm should be more descriptive to enhance code clarity.,2
Add error handling for the database connection to prevent application crashes during downtime.,2
Optimize the image loading function by caching frequently accessed images to reduce load times.,2
Implement unit tests for the authentication module to ensure all edge cases are covered.,2
The user interface layout should be responsive to different screen sizes for better accessibility.,2
Replace the deprecated API calls in the network module with the latest version for compatibility.,2
Add comments explaining the complex algorithm in the pathfinding module for future reference.,2
The logging mechanism should include timestamps to facilitate easier debugging and tracking.,2
Use a consistent naming convention for CSS classes to maintain uniformity across the stylesheets.,2
Implement lazy loading for images on the homepage to improve initial page load speed.,2
The recursive function in the tree traversal code needs a base case to prevent infinite loops.,2
Add input validation to the form submission handler to prevent SQL injection attacks.,2
The configuration file should be externalized to allow easy changes without code modification.,2
Use environment variables for sensitive information like API keys to enhance security.,2
The search algorithm can be optimized by implementing a binary search for sorted data.,2
Add pagination to the results page to improve performance and user experience with large datasets.,2
The CSS file contains unused styles that should be removed to reduce file size and complexity.,2
Implement a retry mechanism for failed network requests to improve application resilience.,2
The function signatures should include type annotations to improve code readability and maintenance.,2
"Refactor the monolithic class into smaller, more manageable classes to adhere to the single responsibility principle.",2
The API documentation is outdated and should be updated to reflect the current endpoints and parameters.,2
Add a loading spinner to the data fetch operation to improve user experience during delays.,2
The encryption algorithm used is outdated; consider upgrading to a more secure standard.,2
Implement a debounce function for the search input to reduce the number of API calls.,2
The test coverage is low; add more tests to cover critical paths and edge cases.,2
The build script should be optimized to reduce the overall build time and improve efficiency.,2
Add a feature toggle for the new functionality to allow gradual rollout and testing.,2
The error messages should be more descriptive to help users understand and resolve issues.,2
Implement role-based access control to ensure users have appropriate permissions.,2
The database queries should be optimized to reduce execution time and improve performance.,2
Add a caching layer to the API responses to reduce server load and improve response times.,2
The CSS selectors are too specific; consider using more general selectors for easier maintenance.,2
Implement a logging framework to standardize log messages and improve monitoring.,2
The mobile app should support offline mode to enhance usability when network connectivity is poor.,2
Add a confirmation dialog before deleting records to prevent accidental data loss.,2
The function has too many parameters; consider using an object to encapsulate them.,2
The codebase lacks a consistent style guide; establish one to improve code uniformity.,2
Implement input sanitization to prevent cross-site scripting attacks in the web application.,2
The UI components should be modularized to facilitate reuse and easier maintenance.,2
Add a timeout for the network requests to prevent the application from hanging indefinitely.,2
The application should log user actions for audit purposes and to improve security.,2
The data model should be normalized to reduce redundancy and improve database efficiency.,2
Implement a mechanism to handle session expiration gracefully to improve user experience.,2
The CSS animations should be optimized to ensure smooth transitions and reduce jank.,2
Add a dark mode option to the application to cater to user preferences and reduce eye strain.,2
The API should return standardized error codes to facilitate easier client-side error handling.,2
Implement a mechanism to automatically scale resources based on load to improve performance.,2
The application should support internationalization to cater to a global audience.,2
Add a search functionality to the documentation to improve accessibility and user experience.,2
The code should be refactored to remove magic numbers and replace them with named constants.,2
Implement a mechanism to detect and prevent duplicate entries in the database.,2
The application should provide feedback on form submission to inform users of success or failure.,2
Add a mechanism to handle large file uploads efficiently to prevent server overload.,2
The application should support multiple authentication methods to enhance security.,2
Implement a mechanism to automatically back up the database to prevent data loss.,2
The application should provide tooltips for icons to improve usability and accessibility.,2
Add a mechanism to detect and handle circular dependencies in the module imports.,2
The application should log performance metrics to identify and address bottlenecks.,2
Implement a mechanism to handle versioning of the API to ensure backward compatibility.,2
The application should provide a mechanism to export data in multiple formats for user convenience.,2
Add a mechanism to detect and handle memory leaks to improve application stability.,2
The application should support custom themes to allow users to personalize their experience.,2
Implement a mechanism to handle concurrency issues in the multi-threaded application.,2
The application should provide a mechanism to import data from external sources easily.,2
Add a mechanism to detect and handle deadlocks in the database transactions.,2
The application should provide a mechanism to schedule tasks for automated execution.,2
Implement a mechanism to handle rate limiting for API requests to prevent abuse.,2
The application should provide a mechanism to generate reports based on user data.,2
Add a mechanism to detect and handle race conditions in the concurrent code.,2
The application should provide a mechanism to archive old data to improve performance.,2
Refactor the nested loops in the data processing function to improve readability and performance.,2
The variable names in the sorting algorithm are unclear; consider using descriptive names like 'index' and 'temp'.,2
Add error handling for the file I/O operations to prevent crashes when files are missing or corrupted.,2
The login function lacks input validation; implement checks to prevent SQL injection attacks.,2
Optimize the search algorithm by implementing a binary search instead of a linear search.,2
The user interface layout is inconsistent across pages; standardize the button placement and font sizes.,2
Implement unit tests for the authentication module to ensure all edge cases are covered.,2
The API documentation is outdated; update it to reflect the current endpoints and parameters.,2
The database queries are inefficient; use indexing to speed up retrieval times.,2
The CSS file contains redundant styles; consolidate them to reduce file size and improve maintainability.,2
The function 'calculateTotal' is too long; split it into smaller functions for better clarity.,2
The error messages are too generic; provide specific details to help users troubleshoot issues.,2
The mobile app lacks accessibility features; add screen reader support and high-contrast mode.,2
The encryption method used is outdated; switch to a more secure algorithm like AES-256.,2
The configuration file is hardcoded; use environment variables to allow flexibility across environments.,2
The logging system is too verbose; implement log levels to filter out unnecessary information.,2
The function 'processData' has a high cyclomatic complexity; simplify it to improve maintainability.,2
The application lacks a caching mechanism; implement caching to reduce server load and improve response times.,2
The test coverage is below 50%; increase it by writing tests for untested modules.,2
The build script is not automated; integrate it with a CI/CD pipeline for continuous deployment.,2
The REST API lacks versioning; implement versioning to manage changes without breaking clients.,2
The function 'getUserData' is missing input validation; add checks to prevent invalid data processing.,2
The UI lacks responsive design; use media queries to ensure it works on various screen sizes.,2
The codebase lacks comments; add inline comments to explain complex logic and improve readability.,2
The database schema is not normalized; normalize it to reduce redundancy and improve data integrity.,2
The application startup time is slow; profile the startup process to identify and eliminate bottlenecks.,2
The function 'sendEmail' lacks exception handling; add try-catch blocks to handle potential errors.,2
The CSS selectors are too specific; simplify them to improve maintainability and reduce specificity conflicts.,2
The application lacks a logging framework; integrate one to standardize log output and improve debugging.,2
The function 'calculateInterest' uses magic numbers; replace them with named constants for clarity.,2
The codebase lacks a consistent coding style; adopt a style guide and enforce it with linters.,2
The application does not handle network timeouts gracefully; implement retry logic for robustness.,2
The function 'parseJson' does not handle malformed input; add validation to prevent runtime errors.,2
The UI lacks keyboard navigation support; implement it to improve accessibility for all users.,2
The application lacks a backup strategy; implement regular backups to prevent data loss.,2
The function 'generateReport' is not thread-safe; add synchronization to prevent race conditions.,2
The codebase lacks a dependency management system; use a package manager to handle dependencies.,2
The application lacks internationalization support; add localization to support multiple languages.,2
The function 'fetchData' does not handle API rate limits; implement exponential backoff to manage requests.,2
The UI lacks feedback for long-running operations; add loading indicators to improve user experience.,2
The application lacks a security audit; conduct one to identify and fix vulnerabilities.,2
The function 'updateProfile' lacks transaction support; use transactions to ensure data consistency.,2
The codebase lacks a testing framework; integrate one to automate and standardize testing.,2
The application lacks a monitoring solution; implement one to track performance and detect issues.,2
The function 'calculateDiscount' uses hardcoded values; replace them with configurable parameters.,2
The codebase lacks a version control system; use Git to track changes and collaborate effectively.,2
The application lacks a rollback mechanism; implement one to revert changes in case of failures.,2
The function 'processOrder' lacks concurrency control; add locks to prevent data corruption.,2
The codebase lacks a build automation tool; use one to streamline the build process.,2
The application lacks a disaster recovery plan; develop one to ensure business continuity.,2
The function 'validateInput' lacks comprehensive checks; add regex patterns to validate input formats.,2
The codebase lacks a documentation site; generate one to provide an overview and usage examples.,2
The application lacks a load testing strategy; conduct tests to ensure it can handle peak traffic.,2
The function 'renderPage' lacks caching; implement caching to improve load times and reduce server load.,2
The codebase lacks a code review process; establish one to improve code quality and knowledge sharing.,2
The application lacks a data retention policy; define one to manage data lifecycle and compliance.,2
The function 'calculateTax' lacks precision; use a library for accurate floating-point arithmetic.,2
The codebase lacks a continuous integration setup; implement CI to automate testing and deployment.,2
The application lacks a user feedback mechanism; add surveys or forms to gather user insights.,2
The function 'generateInvoice' lacks error logging; add logging to capture and diagnose issues.,2
The codebase lacks a branching strategy; adopt one to manage feature development and releases.,2
The application lacks a privacy policy; draft one to inform users about data collection practices.,2
The function 'sendNotification' lacks retry logic; implement retries to handle transient failures.,2
The codebase lacks a code of conduct; establish one to promote a positive and inclusive environment.,2
The application lacks a performance monitoring tool; integrate one to track and optimize resource usage.,2
The function 'calculateShipping' lacks unit tests; write tests to verify its correctness under various scenarios.,2
The codebase lacks a security policy; create one to outline security practices and responsibilities.,2
The application lacks a user onboarding process; design one to guide new users through key features.,2
The function 'processPayment' lacks audit logging; add logs to track transactions for compliance.,2
The codebase lacks a style guide; develop one to ensure consistency in code formatting and conventions.,2